{
  "model": "speechbrain/spkrec-ecapa-voxceleb",
  "device": "cpu",
  "stats": {
    "pos_count": 20,
    "neg_count": 50,
    "pos_mean": 0.4684886336326599,
    "pos_std": 0.22237540781497955,
    "neg_mean": 0.170258566737175,
    "neg_std": 0.12665122747421265
  },
  "eer": {
    "threshold": 0.26100707054138184,
    "eer": 0.245,
    "metrics": {
      "tp": 15,
      "fn": 5,
      "fp": 12,
      "tn": 38,
      "tpr": 0.75,
      "fpr": 0.24,
      "prec": 0.5555555555555556,
      "rec": 0.75,
      "f1": 0.6382978723404256
    }
  },
  "f1_opt": {
    "threshold": 0.4069983959197998,
    "f1": 0.7777777777777777,
    "metrics": {
      "tp": 14,
      "fn": 6,
      "fp": 2,
      "tn": 48,
      "tpr": 0.7,
      "fpr": 0.04,
      "prec": 0.875,
      "rec": 0.7,
      "f1": 0.7777777777777777
    }
  }
}