{
  "mode": "holdout",
  "accuracy_closed_set": 0.9642857142857143,
  "per_class_f1": {
    "aayush_joshi": 0.9333333333333333,
    "ankita_joshi": 1.0,
    "prisha_joshi": 1.0,
    "priya_gurjar": 1.0,
    "vansh_verma": 0.6666666666666666,
    "youvan_joshi": 1.0
  },
  "support": 28,
  "threshold_recommended": 0.4,
  "threshold_recommended_accuracy": 0.9642857142857143
}